epoch,steps,cosine-Accuracy@1,cosine-Accuracy@3,cosine-Accuracy@5,cosine-Accuracy@10,cosine-Precision@1,cosine-Recall@1,cosine-Precision@3,cosine-Recall@3,cosine-Precision@5,cosine-Recall@5,cosine-Precision@10,cosine-Recall@10,cosine-MRR@10,cosine-NDCG@10,cosine-MAP@10
3,-1,0.5333333333333333,0.8,0.85,0.9333333333333333,0.5333333333333333,0.5333333333333333,0.26666666666666666,0.8,0.16999999999999993,0.85,0.0933333333333333,0.9333333333333333,0.6876322751322751,0.7480151637149116,0.6876322751322751
