epoch,steps,cosine-Accuracy@1,cosine-Accuracy@3,cosine-Accuracy@5,cosine-Accuracy@10,cosine-Precision@1,cosine-Recall@1,cosine-Precision@3,cosine-Recall@3,cosine-Precision@5,cosine-Recall@5,cosine-Precision@10,cosine-Recall@10,cosine-MRR@10,cosine-NDCG@10,cosine-MAP@10
3,-1,0.5666666666666667,0.8833333333333333,0.9333333333333333,0.9333333333333333,0.5666666666666667,0.5666666666666667,0.29444444444444434,0.8833333333333333,0.1866666666666666,0.9333333333333333,0.0933333333333333,0.9333333333333333,0.7291666666666666,0.7814484288560585,0.7291666666666666
