{
  "base_model": "sentence-transformers/all-MiniLM-L6-v2",
  "dataset_split": "ucsc_rag_embedder_training/dataset_splits/test.json",
  "counts": {
    "corpus_chunks": 1203,
    "test_questions": 60
  },
  "test_metrics": {
    "test_cosine_accuracy@1": 0.5,
    "test_cosine_accuracy@3": 0.75,
    "test_cosine_accuracy@5": 0.8166666666666667,
    "test_cosine_accuracy@10": 0.8666666666666667,
    "test_cosine_precision@1": 0.5,
    "test_cosine_precision@3": 0.25000000000000006,
    "test_cosine_precision@5": 0.16333333333333327,
    "test_cosine_precision@10": 0.08666666666666664,
    "test_cosine_recall@1": 0.5,
    "test_cosine_recall@3": 0.75,
    "test_cosine_recall@5": 0.8166666666666667,
    "test_cosine_recall@10": 0.8666666666666667,
    "test_cosine_ndcg@10": 0.6985729548284361,
    "test_cosine_mrr@10": 0.6435185185185185,
    "test_cosine_map@10": 0.6435185185185186
  }
}
